response_id,course,term,rating,submitted_at
r001,CS101,2026-fall,5,2026-09-20T10:00:00Z
r002,CS101,2026-fall,4,2026-09-20T10:10:00Z
r003,CS101,2026-fall,3,2026-09-20T10:20:00Z
r004,CS101,2026-fall,4,2026-09-20T10:30:00Z
r005,CS101,2026-fall,5,2026-09-20T10:40:00Z
r006,CS101,2026-fall,2,2026-09-20T10:50:00Z
r007,ENG201,2026-fall,4,2026-09-20T11:00:00Z
r008,ENG201,2026-fall,4,2026-09-20T11:10:00Z
r009,ENG201,2026-fall,5,2026-09-20T11:20:00Z
r010,ENG201,2026-fall,3,2026-09-20T11:30:00Z
r011,ENG201,2026-fall,4,2026-09-20T11:40:00Z
r012,ART105,2026-fall,5,2026-09-20T12:00:00Z
r013,ART105,2026-fall,4,2026-09-20T12:10:00Z
r001,CS101,2026-fall,5,2026-09-20T10:00:00Z
r014,CS101,2026-fall,9,2026-09-20T13:00:00Z
r015,ENG201,2026-fall,4,not-a-date
r002,CS101,2026-fall,1,2026-09-20T10:10:00Z
